Customer ID,Age,Gender,Location,Total Orders,Last Purchase Date,Average Order Value,Cart Abandonment Rate (%),Website Visits,Customer Rating,Payment Method,Return Count,Support Tickets,Churn Status
CUST0001,25,Male,Chennai,31,2026-04-03,1063.25,38,9,2,UPI,4,0,0
CUST0002,25,Male,Chennai,25,2026-04-08,2146.85,64,19,3,Debit Card,4,2,1
CUST0003,49,Female,Bangalore,5,2026-02-25,583.74,89,6,1,UPI,3,5,1
CUST0004,26,Male,Bhopal,31,2026-03-22,1733.32,54,8,3,UPI,3,1,1
CUST0005,33,Male,Hyderabad,14,2026-02-15,1593.05,77,5,2,UPI,8,4,1
CUST0006,28,Male,Patna,27,2026-03-11,893.62,45,11,4,Debit Card,4,2,1
CUST0007,31,Female,Kolkata,4,2025-12-01,299.76,75,7,2,Net Banking,3,3,1
CUST0008,37,Female,Guwahati,75,2026-04-24,2524.81,13,26,4,Credit Card,2,0,0
CUST0009,26,Male,Indore,90,2026-04-29,1181.82,6,73,4,Credit Card,0,0,0
CUST0010,53,Female,Mumbai,24,2026-04-04,2733.48,30,9,3,Credit Card,3,0,0
CUST0011,45,Male,Mysuru,58,2026-04-28,3631.16,21,76,4,UPI,1,0,0
CUST0012,57,Male,Coimbatore,8,2026-03-13,1245.56,31,9,3,UPI,3,1,1
CUST0013,37,Female,Thiruvananthapuram,33,2026-04-20,2794.38,9,26,5,Credit Card,2,0,0
CUST0014,62,Female,Lucknow,13,2025-12-13,1319.29,87,5,2,Cash on Delivery,8,4,1
CUST0015,29,Male,Madurai,33,2026-05-04,926.78,22,32,5,Debit Card,0,0,0
CUST0016,50,Female,Surat,29,2026-04-17,2056.06,21,33,5,UPI,1,0,0
CUST0017,37,Male,Lucknow,77,2026-05-08,1194.29,26,45,5,Net Banking,1,1,0
CUST0018,30,Female,Mysuru,9,2026-03-26,2174.89,36,13,3,Credit Card,2,3,1
CUST0019,28,Male,Noida,22,2026-03-16,725.19,64,6,2,Credit Card,2,1,1
CUST0020,31,Female,Bhopal,3,2026-01-27,253.34,77,5,2,Cash on Delivery,5,5,1
CUST0021,31,Male,Kolkata,52,2026-05-13,2964.01,22,21,5,Credit Card,0,0,0
CUST0022,38,Male,Kolkata,35,2026-04-17,1528.26,24,22,4,UPI,1,0,0
CUST0023,50,Female,Thiruvananthapuram,29,2026-03-14,1800.02,50,14,3,UPI,3,1,1
CUST0024,28,Male,Mysuru,8,2026-03-22,1928.67,66,9,2,Cash on Delivery,2,2,1
CUST0025,51,Female,Chennai,5,2026-02-24,929.19,82,12,2,Debit Card,7,6,1
CUST0026,34,Female,Mumbai,15,2026-02-27,659.92,93,2,3,Debit Card,4,4,1
CUST0027,42,Female,Thiruvananthapuram,58,2026-04-28,2633.14,33,76,4,UPI,0,1,0
CUST0028,44,Male,Madurai,3,2025-12-12,934.85,87,7,3,Cash on Delivery,3,2,1
CUST0029,47,Male,Nagpur,26,2026-03-16,840.62,38,7,3,UPI,3,0,1
CUST0030,46,Male,Hyderabad,32,2026-03-16,2533.51,56,25,3,Cash on Delivery,2,1,1
CUST0031,51,Male,Bhopal,67,2026-04-19,4247.48,30,60,4,UPI,1,0,0
CUST0032,42,Female,Indore,4,2025-12-02,1673.6,76,5,1,UPI,4,2,1
CUST0033,24,Female,Bangalore,60,2026-05-03,3191.41,17,61,5,Net Banking,1,0,0
CUST0034,52,Male,Delhi,58,2026-05-13,1245.67,18,40,5,Cash on Delivery,1,0,0
CUST0035,44,Female,Madurai,80,2026-05-14,2747.71,30,52,4,Cash on Delivery,1,1,0
CUST0036,31,Female,Vijayawada,31,2026-04-01,1666.38,56,16,4,Credit Card,3,1,0
CUST0037,35,Female,Noida,27,2026-03-15,1192.18,65,6,3,Net Banking,3,1,1
CUST0038,52,Male,Kochi,29,2026-04-07,1675.7,40,8,3,Debit Card,3,0,0
CUST0039,37,Female,Patna,1,2026-03-11,629.51,80,10,1,Credit Card,6,5,1
CUST0040,39,Male,Coimbatore,12,2026-03-10,2081.53,36,19,3,Credit Card,2,3,1
CUST0041,53,Female,Hyderabad,29,2026-03-18,2772.15,68,16,4,Debit Card,4,3,1
CUST0042,39,Male,Madurai,34,2026-03-11,1137.82,63,21,3,Debit Card,3,3,1
CUST0043,32,Female,Noida,94,2026-05-12,1355.07,12,42,4,UPI,0,0,0
CUST0044,37,Female,Nagpur,34,2026-03-25,1395.8,67,6,4,UPI,4,0,1
CUST0045,54,Male,Thiruvananthapuram,9,2025-12-11,1388.68,90,10,1,Credit Card,6,3,1
CUST0046,49,Male,Madurai,31,2026-04-10,2433.16,38,25,2,Debit Card,4,0,0
CUST0047,39,Female,Thiruvananthapuram,1,2026-02-11,837.61,71,8,2,Debit Card,5,5,1
CUST0048,24,Male,Patna,85,2026-05-14,3583.94,6,78,5,UPI,0,0,0
CUST0049,40,Female,Kolkata,14,2026-03-14,1213.07,72,3,2,Cash on Delivery,8,2,1
CUST0050,51,Female,Bangalore,3,2025-12-29,1191.23,88,12,1,Credit Card,4,4,1
CUST0051,48,Female,Kolkata,20,2026-03-06,956.16,67,13,2,Net Banking,3,0,1
CUST0052,47,Female,Nagpur,10,2026-03-19,1989.35,30,19,4,Debit Card,1,3,1
CUST0053,55,Female,Lucknow,3,2025-12-13,1058.71,85,5,3,Credit Card,7,5,1
CUST0054,29,Female,Pune,36,2026-05-06,4067.95,12,66,5,UPI,2,1,0
CUST0055,28,Male,Ahmedabad,70,2026-04-19,1792.99,13,74,5,Cash on Delivery,1,0,0
CUST0056,35,Female,Madurai,87,2026-04-27,3617.3,27,48,5,UPI,1,0,0
CUST0057,47,Female,Pune,11,2026-01-01,821.98,82,9,2,UPI,6,6,1
CUST0058,30,Female,Vijayawada,54,2026-05-11,3482.69,15,25,5,Debit Card,0,0,0
CUST0059,61,Male,Hyderabad,10,2026-02-08,1769.79,91,4,2,UPI,4,4,1
CUST0060,23,Female,Kolkata,95,2026-05-05,3395.57,9,58,5,UPI,0,0,0
CUST0061,35,Male,Madurai,9,2026-04-04,2664.45,60,9,2,Credit Card,4,3,1
CUST0062,47,Female,Ahmedabad,63,2026-05-12,4477.8,8,53,5,UPI,2,0,0
CUST0063,40,Male,Thiruvananthapuram,79,2026-05-05,2925.5,6,57,4,Debit Card,0,0,0
CUST0064,39,Female,Coimbatore,34,2026-05-09,859.77,19,62,5,UPI,1,0,0
CUST0065,57,Male,Noida,2,2025-12-19,611.81,73,11,3,UPI,8,3,1
CUST0066,41,Female,Lucknow,34,2026-04-11,664.24,40,15,3,Debit Card,4,0,0
CUST0067,60,Male,Bhubaneswar,9,2026-01-12,928.53,84,1,2,UPI,8,4,1
CUST0068,43,Female,Ahmedabad,27,2026-04-20,3303.83,13,54,4,Debit Card,0,1,0
CUST0069,40,Male,Pune,80,2026-04-24,3821.99,7,48,5,Debit Card,1,0,0
CUST0070,44,Female,Madurai,88,2026-05-05,3268.43,17,70,5,UPI,0,1,0
CUST0071,46,Female,Coimbatore,76,2026-04-17,2728.28,5,60,5,UPI,1,1,0
CUST0072,55,Male,Bhopal,28,2026-03-23,2247.98,43,14,3,Credit Card,3,3,1
CUST0073,43,Male,Bangalore,12,2026-02-24,731.66,65,9,2,Credit Card,3,3,1
CUST0074,33,Female,Lucknow,23,2026-03-06,1171.28,47,19,4,Credit Card,4,1,1
CUST0075,41,Male,Ahmedabad,90,2026-04-21,4059.54,32,22,5,UPI,1,0,0
CUST0076,31,Male,Lucknow,87,2026-04-17,1392.37,22,48,5,Cash on Delivery,1,1,0
CUST0077,43,Female,Bhopal,10,2026-01-26,612.02,89,7,1,Cash on Delivery,5,5,1
CUST0078,33,Male,Ahmedabad,23,2026-04-18,790.37,67,16,2,Cash on Delivery,4,0,1
CUST0079,54,Male,Bhopal,14,2025-12-23,1753.43,67,8,2,UPI,5,6,1
CUST0080,62,Female,Madurai,7,2026-02-04,1221.54,93,8,3,UPI,3,6,1
CUST0081,33,Male,Chennai,7,2026-03-04,1428.57,87,2,2,UPI,4,4,1
CUST0082,33,Female,Madurai,80,2026-05-10,1741.32,18,54,4,Debit Card,0,0,0
CUST0083,39,Male,Lucknow,23,2026-03-14,829.17,59,14,4,Cash on Delivery,3,0,1
CUST0084,52,Female,Vijayawada,69,2026-04-26,1941.91,18,62,5,Wallet,1,0,0
CUST0085,34,Male,Chennai,70,2026-04-26,1929.93,27,36,4,Credit Card,1,0,0
CUST0086,59,Female,Patna,14,2025-11-21,1649.55,89,4,3,UPI,5,3,1
CUST0087,32,Female,Guwahati,28,2026-04-14,2577.83,32,15,4,UPI,1,2,0
CUST0088,35,Female,Hyderabad,47,2026-05-08,1332.38,22,74,5,UPI,2,0,0
CUST0089,46,Female,Indore,12,2025-11-25,775.01,68,8,1,Debit Card,4,3,1
CUST0090,63,Female,Nagpur,6,2026-03-05,1475.56,65,5,3,Debit Card,3,5,1
CUST0091,47,Female,Patna,11,2026-03-08,1037.79,31,25,3,Net Banking,2,0,1
CUST0092,31,Female,Surat,12,2026-04-18,2676.4,49,21,2,UPI,1,1,0
CUST0093,52,Female,Bhubaneswar,94,2026-05-01,2993.79,28,27,5,UPI,0,1,0
CUST0094,33,Female,Surat,52,2026-04-30,2473.14,12,72,5,Cash on Delivery,0,0,0
CUST0095,30,Male,Coimbatore,49,2026-05-11,4313.89,31,47,4,Net Banking,0,0,0
CUST0096,64,Male,Pune,4,2026-03-08,1536.22,82,4,3,Net Banking,4,3,1
CUST0097,26,Male,Nagpur,41,2026-04-27,1764.89,10,25,4,Net Banking,0,0,0
CUST0098,25,Male,Lucknow,13,2026-04-04,620.52,56,22,2,Net Banking,1,3,1
CUST0099,38,Female,Jaipur,27,2026-04-18,2172.66,63,15,4,Net Banking,1,0,0
CUST0100,59,Female,Madurai,12,2025-11-20,937.52,93,2,2,UPI,7,3,1
CUST0101,57,Female,Lucknow,17,2026-03-22,1662.77,57,9,2,Cash on Delivery,2,3,1
CUST0102,36,Female,Mysuru,76,2026-05-01,3513.09,15,45,5,Debit Card,1,0,0
CUST0103,48,Female,Kolkata,35,2026-05-12,2426.35,28,65,5,Cash on Delivery,0,0,0
CUST0104,50,Male,Bangalore,19,2026-03-09,2664.6,57,7,3,Credit Card,3,2,1
CUST0105,37,Female,Kolkata,53,2026-04-17,1245.0,32,53,5,UPI,0,0,0
CUST0106,63,Female,Thiruvananthapuram,1,2025-12-29,1690.08,91,12,2,Debit Card,3,3,1
CUST0107,50,Male,Guwahati,1,2026-02-21,1598.29,83,11,2,Debit Card,3,3,1
CUST0108,38,Male,Kolkata,52,2026-05-02,2382.39,15,28,5,Credit Card,1,0,0
CUST0109,46,Male,Noida,31,2026-04-23,1147.77,19,60,5,UPI,1,1,0
CUST0110,25,Male,Delhi,61,2026-04-23,3326.47,20,51,5,Wallet,0,0,0
CUST0111,31,Male,Jaipur,52,2026-04-20,1350.91,13,36,5,Debit Card,0,0,0
CUST0112,39,Male,Guwahati,54,2026-04-28,2889.34,26,69,5,UPI,0,1,0
CUST0113,28,Female,Delhi,35,2026-03-31,1824.25,66,18,4,UPI,3,0,0
CUST0114,52,Male,Noida,83,2026-04-18,3367.08,16,23,5,Credit Card,0,0,0
CUST0115,43,Male,Nagpur,31,2026-03-30,1009.62,40,8,2,Debit Card,2,2,1
CUST0116,26,Female,Lucknow,57,2026-05-08,1483.27,9,66,4,Debit Card,0,1,0
CUST0117,64,Female,Madurai,11,2025-12-25,1779.12,75,11,2,Credit Card,4,5,1
CUST0118,65,Male,Nagpur,1,2026-01-30,1036.37,74,8,2,Net Banking,3,2,1
CUST0119,29,Male,Pune,27,2026-03-13,1666.26,59,24,2,Debit Card,4,1,1
CUST0120,56,Female,Coimbatore,2,2025-12-03,1643.65,75,12,1,UPI,7,3,1
CUST0121,61,Female,Indore,9,2025-12-28,496.06,76,5,2,Credit Card,6,4,1
CUST0122,25,Male,Madurai,74,2026-05-05,1769.78,32,60,5,Credit Card,0,0,0
CUST0123,47,Female,Delhi,11,2025-12-17,1276.31,69,10,1,Debit Card,5,6,1
CUST0124,61,Female,Hyderabad,2,2025-12-24,1289.21,81,6,1,Cash on Delivery,5,4,1
CUST0125,59,Male,Surat,4,2026-02-16,1799.96,69,2,2,Net Banking,3,6,1
CUST0126,32,Male,Noida,27,2026-03-27,854.78,41,25,3,UPI,4,0,0
CUST0127,46,Female,Vijayawada,13,2025-12-11,1464.89,72,9,1,UPI,5,5,1
CUST0128,42,Female,Coimbatore,32,2026-03-27,1656.69,56,11,3,Debit Card,2,2,1
CUST0129,30,Female,Ahmedabad,30,2026-03-18,2457.68,48,8,3,UPI,3,3,1
CUST0130,51,Male,Delhi,53,2026-04-18,2496.62,16,77,4,Credit Card,1,0,0
CUST0131,29,Female,Mumbai,19,2026-04-06,564.83,36,16,3,Cash on Delivery,2,0,0
CUST0132,36,Female,Vijayawada,13,2025-12-16,977.12,84,1,1,Net Banking,3,4,1
CUST0133,31,Female,Bangalore,55,2026-05-05,1294.75,12,44,5,Net Banking,1,0,0
CUST0134,25,Male,Kochi,28,2026-03-19,1822.61,39,15,4,Credit Card,1,2,0
CUST0135,29,Female,Coimbatore,24,2026-03-28,655.66,63,23,2,Debit Card,4,3,1
CUST0136,22,Female,Mysuru,70,2026-04-19,1096.59,12,64,4,UPI,2,0,0
CUST0137,39,Female,Bhopal,14,2025-12-07,1311.26,87,8,1,Net Banking,4,2,1
CUST0138,28,Male,Surat,30,2026-04-19,1578.06,6,38,5,Credit Card,2,1,0
CUST0139,40,Female,Nagpur,5,2026-01-30,1586.31,66,11,2,Credit Card,5,2,1
CUST0140,52,Female,Guwahati,6,2026-02-21,1019.12,80,6,3,Credit Card,5,2,1
CUST0141,35,Male,Bhubaneswar,25,2026-04-02,1238.79,35,16,3,Debit Card,3,3,1
CUST0142,50,Male,Patna,8,2026-03-11,1376.56,94,6,3,Wallet,6,4,1
CUST0143,42,Female,Bhubaneswar,76,2026-05-03,2722.76,28,61,4,Debit Card,0,0,0
CUST0144,24,Female,Indore,55,2026-04-20,3204.84,16,42,5,Credit Card,0,0,0
CUST0145,46,Male,Bangalore,34,2026-04-26,1352.59,16,43,5,UPI,1,0,0
CUST0146,48,Male,Vijayawada,25,2026-04-13,1102.09,46,20,3,UPI,3,3,1
CUST0147,52,Male,Hyderabad,10,2026-03-08,2725.39,50,17,2,Debit Card,3,2,1
CUST0148,60,Female,Nagpur,4,2026-03-01,1776.96,90,3,1,Credit Card,6,2,1
CUST0149,32,Male,Mysuru,27,2026-04-15,651.22,55,21,4,Wallet,4,0,0
CUST0150,57,Male,Ahmedabad,19,2026-04-12,2519.31,65,24,3,Cash on Delivery,2,3,1
CUST0151,61,Female,Mumbai,3,2026-02-06,505.22,75,12,1,Net Banking,5,6,1
CUST0152,52,Male,Kolkata,95,2026-05-06,1306.87,14,57,5,Cash on Delivery,0,0,0
CUST0153,41,Female,Patna,68,2026-04-18,4222.34,6,70,4,Net Banking,0,0,0
CUST0154,50,Female,Indore,27,2026-03-11,569.66,64,15,3,UPI,4,1,1
CUST0155,23,Female,Pune,45,2026-04-30,2367.02,19,31,5,Net Banking,2,0,0
CUST0156,50,Female,Lucknow,7,2026-02-28,1429.03,81,9,1,UPI,5,3,1
CUST0157,25,Female,Pune,31,2026-05-05,4300.65,32,57,5,Cash on Delivery,0,0,0
CUST0158,27,Male,Delhi,88,2026-04-28,2553.88,33,37,5,Credit Card,0,0,0
CUST0159,33,Female,Bangalore,31,2026-05-13,1876.95,24,74,5,Credit Card,1,0,0
CUST0160,53,Female,Mumbai,6,2026-03-11,870.9,83,9,1,UPI,5,6,1
CUST0161,45,Female,Pune,14,2025-12-27,1304.62,68,3,1,Credit Card,6,4,1
CUST0162,40,Male,Jaipur,10,2026-01-10,872.15,66,1,1,Credit Card,4,4,1
CUST0163,56,Female,Ahmedabad,12,2026-03-31,2642.15,50,11,4,Net Banking,3,2,1
CUST0164,47,Male,Mumbai,8,2025-12-02,275.79,75,11,1,Net Banking,6,6,1
CUST0165,40,Female,Hyderabad,28,2026-03-01,2735.73,67,24,3,Credit Card,1,3,1
CUST0166,43,Female,Pune,56,2026-05-13,2939.88,27,25,4,UPI,0,1,0
CUST0167,54,Female,Ahmedabad,9,2025-12-07,1197.79,80,12,1,UPI,8,3,1
CUST0168,58,Female,Nagpur,9,2026-01-27,736.32,70,8,3,Debit Card,5,6,1
CUST0169,36,Female,Pune,15,2026-04-03,1783.6,44,15,3,Credit Card,2,3,1
CUST0170,40,Male,Coimbatore,94,2026-05-02,4119.53,17,70,5,UPI,0,0,0
CUST0171,36,Male,Mysuru,57,2026-04-21,2598.64,11,70,5,UPI,1,0,0
CUST0172,43,Male,Bangalore,92,2026-05-07,3178.5,6,24,5,Debit Card,1,1,0
CUST0173,39,Male,Mumbai,45,2026-05-01,3233.06,33,74,5,UPI,1,0,0
CUST0174,33,Male,Hyderabad,11,2026-01-02,609.94,88,12,1,Cash on Delivery,4,5,1
CUST0175,53,Female,Kolkata,13,2026-01-12,538.78,88,5,1,Debit Card,3,4,1
CUST0176,42,Female,Vijayawada,94,2026-04-28,2652.78,9,72,5,Net Banking,1,0,0
CUST0177,36,Female,Hyderabad,57,2026-04-22,1529.63,28,39,5,Debit Card,2,0,0
CUST0178,60,Female,Kochi,6,2026-03-05,871.29,68,3,1,UPI,6,4,1
CUST0179,46,Male,Bhopal,59,2026-05-04,1952.1,28,54,4,UPI,1,0,0
CUST0180,34,Female,Kochi,20,2026-03-08,1655.8,49,9,3,Cash on Delivery,3,1,1
CUST0181,45,Male,Indore,72,2026-05-01,3412.08,34,48,5,Debit Card,0,0,0
CUST0182,57,Female,Hyderabad,30,2026-03-28,679.64,66,9,2,UPI,2,1,1
CUST0183,28,Male,Ahmedabad,87,2026-05-12,4130.95,19,69,4,UPI,1,0,0
CUST0184,43,Male,Nagpur,31,2026-04-19,1410.68,30,12,2,Debit Card,1,3,0
CUST0185,32,Female,Nagpur,15,2026-01-15,299.19,78,3,1,Wallet,8,5,1
CUST0186,48,Male,Surat,20,2026-04-15,2070.28,64,10,3,UPI,1,1,0
CUST0187,42,Male,Delhi,14,2026-03-16,1422.08,74,8,3,Net Banking,6,6,1
CUST0188,33,Male,Vijayawada,16,2026-04-08,2656.04,37,7,4,UPI,1,1,0
CUST0189,27,Male,Ahmedabad,15,2026-03-04,601.74,58,13,3,Wallet,1,1,1
CUST0190,64,Female,Indore,6,2026-01-02,1176.77,86,6,1,Credit Card,5,3,1
CUST0191,23,Female,Ahmedabad,47,2026-04-24,3327.44,22,49,4,UPI,1,1,0
CUST0192,43,Female,Lucknow,20,2026-04-09,2235.16,60,13,3,Cash on Delivery,3,1,1
CUST0193,63,Male,Lucknow,9,2026-02-27,852.05,73,4,2,Net Banking,8,2,1
CUST0194,36,Male,Kolkata,9,2026-04-03,1367.49,68,25,2,Debit Card,1,1,1
CUST0195,45,Female,Delhi,17,2026-04-20,987.16,42,9,4,Cash on Delivery,2,1,0
CUST0196,52,Female,Lucknow,8,2026-01-07,1255.52,74,5,2,UPI,7,5,1
CUST0197,48,Female,Chennai,15,2026-02-18,824.59,78,1,3,UPI,4,3,1
CUST0198,28,Female,Thiruvananthapuram,67,2026-05-07,2236.42,31,33,5,Net Banking,2,0,0
CUST0199,59,Male,Jaipur,8,2026-02-23,1385.8,76,3,1,UPI,8,6,1
CUST0200,28,Male,Bhopal,34,2026-03-09,611.58,30,19,3,UPI,2,0,0
CUST0201,47,Female,Chennai,9,2026-03-12,1966.78,60,21,2,UPI,1,3,1
CUST0202,42,Female,Kochi,8,2026-03-19,2370.26,57,11,2,UPI,1,1,1
CUST0203,45,Male,Bhopal,13,2026-01-25,372.48,95,7,2,UPI,7,3,1
CUST0204,26,Female,Madurai,10,2026-03-26,1372.31,65,21,2,Credit Card,1,1,1
CUST0205,45,Female,Coimbatore,26,2026-04-14,2558.02,32,13,3,Cash on Delivery,4,2,0
CUST0206,64,Female,Mysuru,11,2026-03-12,528.0,92,6,1,Debit Card,4,6,1
CUST0207,47,Male,Guwahati,3,2026-01-03,622.73,91,7,3,UPI,5,5,1
CUST0208,46,Female,Patna,9,2026-04-14,1505.3,34,16,4,UPI,3,0,0
CUST0209,46,Female,Bhopal,25,2026-03-27,1493.25,67,18,2,UPI,3,1,1
CUST0210,44,Female,Lucknow,44,2026-04-21,2272.12,16,24,4,UPI,0,0,0
CUST0211,24,Male,Madurai,48,2026-05-01,2488.28,22,50,5,UPI,0,0,0
CUST0212,44,Male,Indore,35,2026-03-27,528.38,56,18,2,UPI,2,1,1
CUST0213,30,Male,Madurai,88,2026-05-10,1080.93,18,35,5,UPI,1,1,0
CUST0214,59,Female,Pune,10,2025-12-28,553.1,68,3,2,Net Banking,3,5,1
CUST0215,49,Male,Pune,8,2026-02-02,917.46,91,11,3,Debit Card,4,4,1
CUST0216,35,Female,Thiruvananthapuram,20,2026-03-31,1170.33,61,24,3,Net Banking,3,3,1
CUST0217,51,Female,Bhopal,50,2026-04-26,4490.02,10,61,5,UPI,0,1,0
CUST0218,32,Male,Kochi,14,2025-11-28,1483.27,78,11,2,UPI,4,4,1
CUST0219,52,Male,Bhopal,2,2026-01-18,1785.59,80,10,2,UPI,7,6,1
CUST0220,51,Male,Indore,12,2025-11-22,1509.06,84,11,1,Debit Card,3,3,1
CUST0221,26,Male,Bangalore,26,2026-03-10,2058.19,55,16,4,UPI,1,0,0
CUST0222,49,Male,Bangalore,22,2026-03-02,2062.98,62,10,3,UPI,1,3,1
CUST0223,52,Female,Nagpur,43,2026-05-03,1988.4,19,68,4,Credit Card,2,1,0
CUST0224,56,Male,Patna,6,2026-03-08,715.41,90,12,1,UPI,3,4,1
CUST0225,43,Male,Delhi,9,2026-02-22,1105.46,75,9,2,Debit Card,6,3,1
CUST0226,51,Female,Bhopal,20,2026-04-19,2195.99,42,20,4,UPI,4,0,0
CUST0227,32,Female,Lucknow,10,2026-03-03,1489.23,82,3,2,UPI,5,3,1
CUST0228,44,Female,Bhubaneswar,27,2026-03-27,1906.01,67,9,3,UPI,3,3,1
CUST0229,65,Female,Nagpur,2,2025-12-20,457.62,68,4,2,Debit Card,3,3,1
CUST0230,32,Female,Mumbai,26,2026-03-27,1472.99,61,23,3,UPI,2,3,1
CUST0231,31,Female,Ahmedabad,14,2026-01-30,1725.36,80,3,1,Debit Card,6,6,1
CUST0232,54,Male,Mumbai,12,2025-11-29,937.97,70,2,3,UPI,3,3,1
CUST0233,34,Female,Surat,32,2026-03-22,1801.0,61,23,2,Net Banking,1,2,1
CUST0234,26,Female,Coimbatore,32,2026-03-05,1515.14,43,19,2,Credit Card,2,2,1
CUST0235,33,Female,Bhopal,8,2025-11-26,1790.63,89,4,1,UPI,8,6,1
CUST0236,26,Female,Bhubaneswar,51,2026-04-18,1605.34,6,54,5,Credit Card,2,0,0
CUST0237,46,Male,Coimbatore,5,2026-01-02,664.38,92,9,1,Wallet,4,5,1
CUST0238,36,Female,Kolkata,4,2026-02-26,1352.66,91,4,2,Debit Card,6,3,1
CUST0239,24,Male,Pune,36,2026-05-02,2731.99,13,62,5,Credit Card,1,1,0
CUST0240,57,Female,Noida,11,2025-12-21,1330.8,92,2,3,Net Banking,6,3,1
CUST0241,48,Female,Coimbatore,61,2026-05-04,2847.68,9,54,5,UPI,1,0,0
CUST0242,51,Female,Thiruvananthapuram,45,2026-04-30,2516.29,18,30,4,UPI,1,0,0
CUST0243,33,Male,Bhopal,46,2026-05-13,2296.65,14,64,4,UPI,1,0,0
CUST0244,32,Female,Noida,26,2026-04-06,1694.72,58,6,2,Debit Card,3,0,1
CUST0245,34,Male,Delhi,36,2026-04-21,3791.74,8,38,5,Net Banking,1,0,0
CUST0246,33,Female,Noida,10,2026-03-18,1795.57,40,20,3,Debit Card,2,1,1
CUST0247,33,Male,Pune,15,2026-03-04,467.02,68,10,2,Net Banking,5,5,1
CUST0248,24,Male,Vijayawada,56,2026-04-27,3043.65,28,56,5,Credit Card,0,0,0
CUST0249,46,Male,Kochi,11,2026-03-10,1464.89,90,4,2,Credit Card,6,2,1
CUST0250,24,Male,Madurai,19,2026-03-31,803.56,66,19,3,UPI,2,3,1
CUST0251,28,Male,Noida,30,2026-05-13,4312.68,17,50,5,Debit Card,2,1,0
CUST0252,58,Male,Delhi,27,2026-04-11,1138.18,49,8,3,Credit Card,2,2,1
CUST0253,35,Male,Mumbai,55,2026-05-13,1742.35,34,45,4,Debit Card,1,0,0
CUST0254,44,Female,Hyderabad,42,2026-04-22,891.43,20,78,5,UPI,2,0,0
CUST0255,35,Male,Thiruvananthapuram,13,2025-11-21,295.5,90,7,2,Debit Card,7,2,1
CUST0256,56,Male,Bangalore,19,2026-04-17,1649.1,66,11,3,Cash on Delivery,2,2,1
CUST0257,38,Male,Delhi,25,2026-05-13,3984.21,5,33,4,Cash on Delivery,1,0,0
CUST0258,30,Female,Kochi,9,2025-12-04,1666.62,88,11,2,UPI,4,4,1
CUST0259,24,Female,Delhi,72,2026-05-11,2682.45,33,21,4,UPI,0,0,0
CUST0260,47,Male,Mumbai,6,2026-03-05,1107.29,65,6,1,Debit Card,5,6,1
CUST0261,55,Female,Chennai,32,2026-03-02,949.47,64,13,3,UPI,1,3,1
CUST0262,24,Male,Noida,18,2026-04-20,2245.54,54,15,2,Credit Card,2,1,0
CUST0263,37,Male,Lucknow,12,2026-02-09,394.19,94,4,3,Wallet,6,4,1
CUST0264,56,Female,Kochi,12,2026-03-11,2385.91,34,24,2,UPI,4,1,1
CUST0265,53,Male,Vijayawada,12,2025-11-30,1389.8,75,8,2,UPI,4,2,1
CUST0266,27,Male,Mumbai,82,2026-04-30,1996.22,8,52,5,Credit Card,0,1,0
CUST0267,47,Female,Madurai,63,2026-04-18,3422.17,24,20,4,Debit Card,1,0,0
CUST0268,27,Male,Bangalore,29,2026-04-01,1098.38,41,6,4,Credit Card,4,1,1
CUST0269,23,Male,Madurai,53,2026-05-10,1573.19,17,41,4,UPI,2,0,0
CUST0270,42,Female,Lucknow,81,2026-04-19,1320.09,33,72,5,UPI,0,0,0
CUST0271,53,Male,Thiruvananthapuram,8,2026-03-13,843.23,78,3,2,UPI,4,3,1
CUST0272,41,Male,Madurai,56,2026-04-24,1927.13,18,74,5,UPI,1,0,0
CUST0273,57,Female,Surat,15,2026-03-11,2786.4,64,6,4,Net Banking,3,3,1
CUST0274,60,Female,Thiruvananthapuram,6,2026-01-26,669.18,65,6,3,UPI,4,2,1
CUST0275,38,Male,Nagpur,13,2026-04-14,1070.07,45,14,2,Cash on Delivery,2,3,1
CUST0276,40,Male,Kolkata,65,2026-04-19,3544.08,16,76,5,Credit Card,0,0,0
CUST0277,59,Female,Kochi,9,2026-02-05,522.11,66,2,1,UPI,4,6,1
CUST0278,51,Male,Mysuru,50,2026-04-19,1326.29,27,29,5,Credit Card,0,0,0
CUST0279,61,Male,Pune,14,2026-01-29,1738.87,76,12,2,UPI,7,2,1
CUST0280,55,Female,Bhopal,13,2025-12-25,1739.03,85,6,1,Cash on Delivery,8,6,1
CUST0281,40,Female,Bhopal,47,2026-05-02,1969.9,27,36,4,Cash on Delivery,0,0,0
CUST0282,64,Male,Bangalore,1,2026-02-21,1183.7,94,10,1,Cash on Delivery,8,6,1
CUST0283,24,Male,Chennai,55,2026-05-03,4435.69,10,58,4,UPI,1,1,0
CUST0284,50,Female,Hyderabad,5,2025-12-06,417.45,65,1,2,Cash on Delivery,6,5,1
CUST0285,50,Male,Madurai,9,2026-01-27,407.21,80,10,1,Net Banking,4,5,1
CUST0286,32,Male,Surat,58,2026-05-11,1120.83,10,74,5,Cash on Delivery,0,0,0
CUST0287,41,Male,Coimbatore,86,2026-04-22,963.13,25,28,5,UPI,1,0,0
CUST0288,54,Male,Mumbai,12,2026-01-05,1369.16,88,9,2,UPI,8,4,1
CUST0289,55,Male,Bangalore,12,2026-04-17,1329.91,57,8,3,UPI,4,1,1
CUST0290,29,Male,Patna,23,2026-04-13,1209.21,55,21,4,Credit Card,3,0,0
CUST0291,34,Male,Thiruvananthapuram,72,2026-05-09,2477.08,13,46,5,Credit Card,1,0,0
CUST0292,34,Female,Coimbatore,2,2025-12-21,782.88,82,7,3,Net Banking,4,6,1
CUST0293,58,Male,Ahmedabad,10,2025-11-24,615.25,74,2,2,Credit Card,8,2,1
CUST0294,46,Female,Coimbatore,82,2026-05-09,4314.07,10,80,4,Credit Card,0,0,0
CUST0295,48,Female,Surat,43,2026-04-18,3021.92,15,76,4,UPI,0,1,0
CUST0296,61,Male,Noida,8,2025-11-19,1603.87,90,12,3,UPI,7,6,1
CUST0297,40,Female,Noida,37,2026-05-11,2903.8,8,68,5,UPI,2,0,0
CUST0298,54,Male,Pune,9,2026-04-09,1133.45,39,25,4,Debit Card,1,3,0
CUST0299,45,Male,Bhopal,15,2026-01-28,281.36,91,5,2,Debit Card,5,5,1
CUST0300,45,Female,Vijayawada,81,2026-04-20,3864.26,13,64,5,Credit Card,2,0,0
CUST0301,61,Male,Delhi,14,2026-01-28,1522.58,81,3,1,UPI,5,6,1
CUST0302,50,Female,Thiruvananthapuram,50,2026-04-18,1060.34,6,47,4,UPI,1,0,0
CUST0303,31,Female,Kolkata,29,2026-04-19,1056.46,61,25,4,Credit Card,2,3,0
CUST0304,50,Male,Hyderabad,58,2026-04-21,3882.68,7,36,4,Net Banking,1,0,0
CUST0305,42,Male,Jaipur,11,2026-02-18,667.08,78,9,1,Cash on Delivery,8,2,1
CUST0306,24,Female,Lucknow,15,2026-04-04,1899.19,49,14,4,UPI,4,2,1
CUST0307,38,Female,Mumbai,75,2026-04-26,1223.44,21,60,5,Debit Card,2,0,0
CUST0308,30,Male,Ahmedabad,66,2026-04-17,1860.63,25,63,5,Net Banking,0,0,0
CUST0309,53,Male,Noida,11,2026-02-04,1305.17,88,1,2,UPI,5,4,1
CUST0310,36,Male,Indore,18,2026-03-05,2140.75,64,21,3,Net Banking,3,1,1
CUST0311,37,Female,Kochi,41,2026-04-21,1794.08,30,53,4,UPI,1,0,0
CUST0312,45,Male,Jaipur,19,2026-04-04,1846.81,59,9,4,Cash on Delivery,1,0,0
CUST0313,52,Female,Noida,9,2026-02-06,890.32,92,3,1,Wallet,4,4,1
CUST0314,49,Male,Chennai,48,2026-04-20,1144.96,15,58,4,Credit Card,1,0,0
CUST0315,38,Female,Patna,10,2025-12-09,495.57,90,2,1,Credit Card,7,5,1
CUST0316,52,Male,Vijayawada,1,2026-03-12,1077.36,88,6,1,UPI,5,6,1
CUST0317,39,Male,Hyderabad,15,2026-03-07,2517.07,49,10,2,UPI,4,2,1
CUST0318,31,Male,Jaipur,83,2026-04-21,2749.05,21,39,5,UPI,0,0,0
CUST0319,51,Male,Bangalore,76,2026-05-14,1683.73,28,26,4,UPI,0,0,0
CUST0320,42,Female,Coimbatore,57,2026-04-20,2801.78,6,56,4,Debit Card,0,0,0
CUST0321,31,Female,Indore,25,2026-04-04,1591.11,39,12,2,UPI,3,3,1
CUST0322,32,Female,Vijayawada,21,2026-04-14,1676.65,37,15,2,Debit Card,1,3,1
CUST0323,40,Female,Bhopal,6,2025-12-16,885.12,70,1,3,Cash on Delivery,6,3,1
CUST0324,22,Female,Guwahati,36,2026-05-11,3898.6,26,49,4,Debit Card,0,0,0
CUST0325,53,Male,Indore,17,2026-04-04,1567.84,36,11,2,UPI,3,2,1
CUST0326,46,Female,Lucknow,30,2026-05-14,3959.8,26,59,4,Cash on Delivery,1,0,0
CUST0327,33,Female,Delhi,6,2025-12-02,781.22,68,7,2,Debit Card,6,4,1
CUST0328,38,Female,Jaipur,2,2026-02-28,1329.06,66,3,1,Net Banking,6,6,1
CUST0329,34,Female,Bangalore,70,2026-04-25,955.18,26,74,4,Cash on Delivery,1,1,0
CUST0330,30,Male,Indore,65,2026-05-14,3421.67,26,51,5,Net Banking,2,0,0
CUST0331,39,Female,Ahmedabad,23,2026-03-29,2026.53,54,10,2,Net Banking,1,1,1
CUST0332,32,Female,Surat,13,2026-01-13,746.98,75,5,1,Debit Card,7,3,1
CUST0333,33,Male,Bangalore,8,2026-01-19,1491.95,79,2,2,Wallet,6,4,1
CUST0334,35,Female,Ahmedabad,29,2026-04-27,2854.21,31,23,5,Credit Card,2,0,0
CUST0335,51,Female,Bhubaneswar,14,2026-03-10,1515.71,92,8,2,Credit Card,7,6,1
CUST0336,35,Male,Surat,2,2025-12-09,1271.31,65,6,2,Credit Card,8,4,1
CUST0337,27,Male,Bhubaneswar,88,2026-05-10,3849.71,28,64,5,UPI,0,0,0
CUST0338,53,Male,Coimbatore,4,2026-01-17,1528.06,71,12,2,Cash on Delivery,3,5,1
CUST0339,56,Female,Guwahati,8,2025-12-22,1163.44,81,3,2,UPI,3,6,1
CUST0340,58,Female,Bangalore,15,2026-01-10,1460.68,94,3,3,UPI,4,3,1
CUST0341,48,Male,Lucknow,21,2026-03-13,2606.59,45,14,4,Net Banking,3,2,1
CUST0342,56,Female,Bhubaneswar,17,2026-03-07,1759.95,50,23,3,Debit Card,2,1,1
CUST0343,36,Female,Bhopal,12,2025-12-23,1761.53,70,9,3,UPI,8,4,1
CUST0344,50,Male,Chennai,29,2026-03-04,2555.89,64,15,4,UPI,1,0,1
CUST0345,36,Male,Vijayawada,16,2026-03-03,2306.72,48,14,3,Debit Card,1,2,1
CUST0346,36,Female,Kochi,38,2026-04-25,4018.33,28,53,4,Credit Card,2,1,0
CUST0347,31,Male,Chennai,15,2026-01-27,850.71,95,11,2,Debit Card,7,2,1
CUST0348,52,Male,Lucknow,34,2026-04-06,2596.42,53,24,3,UPI,2,2,1
CUST0349,27,Female,Hyderabad,90,2026-05-11,2226.77,18,35,5,Credit Card,1,0,0
CUST0350,36,Female,Jaipur,44,2026-05-13,1411.02,15,56,4,Net Banking,2,0,0
CUST0351,44,Female,Noida,65,2026-04-28,1652.86,10,51,4,Credit Card,2,0,0
CUST0352,29,Male,Surat,52,2026-04-23,2061.37,16,36,4,Net Banking,2,1,0
CUST0353,33,Female,Indore,82,2026-05-07,4151.41,24,76,5,Cash on Delivery,0,0,0
CUST0354,35,Male,Ahmedabad,7,2026-02-12,1087.37,74,1,3,Credit Card,5,6,1
CUST0355,42,Male,Patna,49,2026-05-04,2725.72,8,28,5,UPI,2,0,0
CUST0356,55,Male,Guwahati,14,2026-03-03,568.65,91,12,2,Debit Card,8,2,1
CUST0357,45,Female,Noida,9,2026-04-15,668.47,41,14,2,UPI,2,2,1
CUST0358,25,Male,Nagpur,20,2026-03-08,772.1,30,25,2,Cash on Delivery,1,0,1
CUST0359,43,Male,Indore,63,2026-04-25,1165.74,29,77,5,UPI,1,1,0
CUST0360,32,Male,Chennai,31,2026-03-26,2332.57,64,15,3,Credit Card,3,2,1
CUST0361,22,Male,Noida,75,2026-04-27,2848.47,7,37,4,Cash on Delivery,1,0,0
CUST0362,29,Female,Patna,57,2026-05-08,1268.37,26,69,5,Credit Card,0,1,0
CUST0363,40,Male,Bangalore,11,2026-04-08,2168.86,61,16,3,UPI,2,1,1
CUST0364,48,Female,Kolkata,8,2026-01-18,758.94,86,5,3,UPI,4,6,1
CUST0365,38,Female,Mysuru,1,2026-02-04,631.57,72,12,2,Debit Card,5,4,1
CUST0366,57,Male,Madurai,8,2026-01-30,1450.89,80,9,1,Net Banking,4,6,1
CUST0367,40,Female,Patna,5,2025-12-13,1623.82,67,12,1,UPI,3,6,1
CUST0368,41,Female,Nagpur,15,2026-03-12,1104.97,82,9,2,UPI,8,3,1
CUST0369,38,Male,Ahmedabad,90,2026-05-12,2298.27,21,18,4,UPI,2,0,0
CUST0370,52,Male,Madurai,43,2026-04-21,3521.82,16,20,4,UPI,1,0,0
CUST0371,28,Female,Patna,91,2026-04-19,2168.57,20,76,5,UPI,0,0,0
CUST0372,44,Male,Patna,10,2026-01-06,1133.75,77,11,2,Cash on Delivery,5,6,1
CUST0373,48,Male,Lucknow,15,2026-03-18,1433.44,52,21,4,UPI,1,1,1
CUST0374,41,Female,Pune,14,2026-04-11,929.88,53,25,2,Debit Card,2,3,1
CUST0375,54,Male,Kolkata,14,2026-03-14,870.87,56,6,3,Credit Card,1,1,1
CUST0376,26,Female,Madurai,26,2026-04-11,628.6,46,11,4,UPI,1,2,0
CUST0377,38,Female,Thiruvananthapuram,4,2025-11-30,886.69,69,10,1,UPI,7,6,1
CUST0378,65,Male,Ahmedabad,2,2026-02-15,836.23,69,2,1,Debit Card,4,6,1
CUST0379,35,Male,Indore,23,2026-03-12,1879.57,64,22,2,UPI,1,3,1
CUST0380,55,Female,Jaipur,9,2026-01-22,824.09,66,12,3,Net Banking,6,3,1
CUST0381,47,Female,Bhubaneswar,37,2026-05-01,1338.67,20,67,4,Net Banking,0,0,0
CUST0382,22,Male,Noida,25,2026-04-26,2757.27,21,18,5,UPI,0,0,0
CUST0383,40,Female,Noida,16,2026-03-17,1474.19,53,25,3,Credit Card,4,1,1
CUST0384,39,Male,Guwahati,86,2026-05-06,4458.06,23,40,5,UPI,0,0,0
CUST0385,38,Male,Patna,76,2026-04-19,2085.3,22,57,4,UPI,0,1,0
CUST0386,58,Female,Bhubaneswar,15,2025-12-30,924.84,67,5,1,UPI,5,2,1
CUST0387,53,Female,Lucknow,10,2025-12-23,1057.56,87,10,1,UPI,4,5,1
CUST0388,47,Male,Patna,90,2026-04-28,3399.34,24,28,4,UPI,1,0,0
CUST0389,30,Male,Guwahati,76,2026-05-03,3294.27,17,55,4,Debit Card,2,0,0
CUST0390,46,Male,Hyderabad,19,2026-04-03,1020.48,42,20,4,UPI,1,2,0
CUST0391,56,Male,Kolkata,17,2026-03-30,2678.14,62,14,3,Credit Card,4,3,1
CUST0392,57,Male,Madurai,11,2026-01-17,1639.61,92,1,2,UPI,3,4,1
CUST0393,38,Female,Mumbai,33,2026-03-31,1448.58,52,22,2,UPI,3,1,1
CUST0394,51,Male,Guwahati,47,2026-04-29,1995.64,11,75,5,Debit Card,1,0,0
CUST0395,36,Male,Bhubaneswar,15,2026-03-04,1056.73,46,12,3,UPI,2,1,1
CUST0396,24,Female,Bhubaneswar,88,2026-04-25,874.18,32,52,4,UPI,1,0,0
CUST0397,56,Female,Surat,16,2026-03-26,1010.81,66,10,2,UPI,4,3,1
CUST0398,35,Female,Delhi,22,2026-04-13,2105.96,59,16,2,Credit Card,1,1,0
CUST0399,49,Female,Nagpur,58,2026-05-09,2852.26,12,35,5,UPI,2,0,0
CUST0400,44,Male,Kolkata,72,2026-05-03,3968.29,13,46,4,Debit Card,2,0,0
CUST0401,43,Male,Hyderabad,9,2026-01-20,1577.28,71,3,1,Credit Card,6,2,1
CUST0402,61,Male,Coimbatore,9,2025-12-14,739.38,80,5,2,UPI,7,6,1
CUST0403,48,Female,Nagpur,57,2026-04-29,3912.25,8,46,5,Credit Card,1,0,0
CUST0404,35,Female,Mumbai,40,2026-05-03,4015.9,24,30,5,UPI,2,0,0
CUST0405,56,Female,Noida,15,2026-03-06,840.66,74,8,1,Debit Card,4,4,1
CUST0406,32,Female,Bhubaneswar,2,2026-02-24,782.62,75,6,2,Debit Card,8,4,1
CUST0407,51,Female,Mysuru,12,2025-12-31,1057.45,79,7,1,Debit Card,4,2,1
CUST0408,33,Male,Chennai,4,2026-02-23,865.42,68,2,2,Net Banking,7,2,1
CUST0409,41,Male,Guwahati,44,2026-05-12,3240.14,33,42,5,UPI,0,0,0
CUST0410,48,Female,Surat,46,2026-05-14,978.32,16,73,5,Cash on Delivery,1,1,0
CUST0411,52,Male,Nagpur,94,2026-05-09,3006.53,19,58,5,Credit Card,1,0,0
CUST0412,56,Female,Mysuru,5,2026-01-29,888.92,69,5,1,UPI,3,6,1
CUST0413,55,Female,Vijayawada,32,2026-03-21,1189.1,57,15,3,UPI,1,2,1
CUST0414,34,Female,Patna,30,2026-03-04,1985.78,54,13,3,UPI,1,3,1
CUST0415,45,Female,Mumbai,93,2026-04-19,1831.2,11,72,4,UPI,0,0,0
CUST0416,41,Female,Hyderabad,30,2026-03-12,1631.59,50,6,3,Wallet,1,0,1
CUST0417,44,Female,Pune,81,2026-04-21,879.94,7,27,4,Credit Card,1,0,0
CUST0418,57,Male,Madurai,12,2025-12-05,299.19,67,3,1,Credit Card,5,5,1
CUST0419,48,Male,Kochi,57,2026-04-18,2242.76,5,25,4,Debit Card,1,1,0
CUST0420,45,Male,Hyderabad,37,2026-04-28,3280.93,11,48,5,Debit Card,1,0,0
CUST0421,63,Male,Indore,9,2026-03-01,642.63,85,5,1,UPI,5,2,1
CUST0422,35,Female,Chennai,66,2026-05-14,1460.87,13,55,4,Cash on Delivery,1,0,0
CUST0423,37,Male,Pune,6,2025-12-08,388.69,70,8,1,Cash on Delivery,8,6,1
CUST0424,42,Female,Surat,44,2026-04-22,2807.69,8,26,5,Net Banking,0,0,0
CUST0425,56,Female,Jaipur,12,2026-02-20,283.1,77,6,1,Debit Card,5,2,1
CUST0426,55,Female,Madurai,14,2026-03-15,929.24,52,16,4,Credit Card,3,1,1
CUST0427,30,Female,Chennai,94,2026-05-03,2507.39,29,58,5,Debit Card,1,0,0
CUST0428,43,Male,Indore,6,2025-12-14,348.18,95,9,2,Credit Card,4,6,1
CUST0429,44,Male,Hyderabad,21,2026-03-10,1240.66,36,22,2,Net Banking,1,1,1
CUST0430,28,Male,Coimbatore,37,2026-05-13,2934.19,31,42,5,UPI,2,0,0
CUST0431,51,Female,Nagpur,51,2026-04-24,2643.63,33,71,4,Credit Card,1,0,0
CUST0432,31,Male,Vijayawada,14,2025-12-28,662.01,66,12,1,Cash on Delivery,5,2,1
CUST0433,29,Female,Surat,93,2026-05-02,1541.53,21,60,4,Debit Card,2,0,0
CUST0434,64,Female,Surat,6,2025-12-20,961.02,86,7,1,UPI,4,3,1
CUST0435,58,Female,Patna,27,2026-03-23,2647.1,50,23,3,Credit Card,3,3,1
CUST0436,58,Female,Chennai,14,2026-03-27,2261.13,46,17,4,Debit Card,4,3,1
CUST0437,57,Male,Surat,12,2026-04-01,515.11,44,12,3,Credit Card,1,2,1
CUST0438,36,Male,Thiruvananthapuram,70,2026-05-10,1355.19,16,74,5,Net Banking,0,0,0
CUST0439,37,Female,Coimbatore,31,2026-04-16,2164.24,60,11,4,Debit Card,1,2,0
CUST0440,23,Female,Patna,67,2026-05-03,4061.24,18,44,4,Net Banking,0,0,0
CUST0441,38,Female,Coimbatore,30,2026-05-04,2820.74,9,38,5,Debit Card,0,0,0
CUST0442,64,Male,Madurai,9,2026-03-05,594.23,74,7,1,Credit Card,4,4,1
CUST0443,40,Male,Delhi,10,2026-03-26,1654.19,38,10,4,Debit Card,2,3,1
CUST0444,57,Male,Noida,15,2026-04-05,664.78,57,16,2,UPI,1,3,1
CUST0445,41,Male,Lucknow,28,2026-04-20,1962.59,16,57,5,UPI,2,0,0
CUST0446,33,Male,Mumbai,44,2026-04-20,3508.98,7,25,4,UPI,0,0,0
CUST0447,37,Male,Surat,27,2026-05-04,1612.88,22,31,4,Credit Card,2,0,0
CUST0448,29,Female,Mumbai,7,2026-01-01,1654.36,81,1,2,UPI,4,2,1
CUST0449,42,Female,Mumbai,26,2026-05-12,2268.55,13,60,5,Net Banking,0,0,0
CUST0450,34,Female,Hyderabad,90,2026-04-22,1213.55,15,49,5,UPI,2,0,0
CUST0451,25,Female,Chennai,9,2026-04-05,2621.22,49,16,4,UPI,4,1,1
CUST0452,31,Male,Surat,55,2026-04-28,1856.96,6,58,5,Cash on Delivery,1,0,0
CUST0453,50,Male,Noida,75,2026-04-23,1351.0,28,42,5,UPI,2,0,0
CUST0454,43,Male,Mumbai,27,2026-03-30,1533.09,38,12,3,Debit Card,2,1,0
CUST0455,33,Female,Mysuru,28,2026-03-15,2609.36,50,8,2,Debit Card,2,2,1
CUST0456,54,Male,Bangalore,7,2026-02-06,936.66,94,11,2,UPI,4,3,1
CUST0457,45,Female,Nagpur,10,2026-01-03,1199.16,84,4,1,UPI,8,2,1
CUST0458,49,Male,Mysuru,85,2026-04-22,3220.93,10,72,5,UPI,1,1,0
CUST0459,46,Female,Hyderabad,26,2026-05-06,4318.22,12,65,4,Cash on Delivery,0,0,0
CUST0460,59,Female,Bhubaneswar,12,2026-02-03,1593.5,93,4,2,Debit Card,6,2,1
CUST0461,53,Female,Ahmedabad,10,2025-11-16,1400.83,84,9,3,UPI,8,2,1
CUST0462,30,Male,Ahmedabad,15,2026-02-13,1053.99,77,12,1,Net Banking,7,5,1
CUST0463,36,Male,Bhubaneswar,75,2026-05-05,3673.92,14,47,4,Cash on Delivery,1,0,0
CUST0464,52,Male,Pune,10,2026-03-05,1651.51,41,24,3,Credit Card,4,3,1
CUST0465,36,Female,Patna,22,2026-04-15,1075.19,40,9,2,UPI,1,3,1
CUST0466,60,Male,Indore,10,2026-02-24,836.95,77,1,1,Net Banking,5,6,1
CUST0467,39,Male,Bangalore,13,2025-12-15,329.53,74,5,2,Cash on Delivery,5,3,1
CUST0468,46,Female,Kochi,57,2026-05-14,2524.05,32,49,5,UPI,0,1,0
CUST0469,52,Female,Hyderabad,10,2026-03-13,1880.23,45,23,3,UPI,2,0,1
CUST0470,49,Male,Bangalore,29,2026-04-23,2960.04,24,37,5,UPI,0,0,0
CUST0471,31,Female,Pune,47,2026-04-30,3585.07,16,77,4,UPI,0,0,0
CUST0472,55,Male,Pune,14,2026-01-05,350.64,80,3,1,Credit Card,8,4,1
CUST0473,31,Female,Bhopal,2,2026-01-02,1381.08,85,9,1,UPI,6,6,1
CUST0474,40,Female,Bhubaneswar,70,2026-05-10,3092.16,20,51,5,UPI,1,0,0
CUST0475,28,Female,Noida,2,2026-03-13,970.57,90,2,1,UPI,7,5,1
CUST0476,37,Male,Ahmedabad,8,2026-03-11,962.73,48,14,2,Credit Card,3,2,1
CUST0477,32,Female,Pune,68,2026-05-02,3494.05,24,79,4,Net Banking,0,0,0
CUST0478,30,Male,Noida,11,2026-02-27,996.32,85,8,3,Cash on Delivery,5,5,1
CUST0479,47,Female,Indore,10,2025-12-14,1301.21,82,9,1,UPI,4,6,1
CUST0480,26,Female,Hyderabad,60,2026-04-18,963.78,17,58,5,Credit Card,0,1,0
CUST0481,48,Female,Mumbai,12,2026-03-12,670.82,67,8,1,UPI,5,5,1
CUST0482,33,Female,Ahmedabad,29,2026-04-20,1587.66,7,46,5,UPI,0,1,0
CUST0483,61,Female,Vijayawada,5,2025-12-07,757.37,89,2,3,Debit Card,8,3,1
CUST0484,57,Female,Coimbatore,11,2026-04-20,1215.26,32,25,2,UPI,3,3,1
CUST0485,46,Female,Surat,64,2026-04-24,4106.29,15,30,4,UPI,1,0,0
CUST0486,41,Male,Surat,12,2026-04-10,1129.36,30,25,2,UPI,2,2,1
CUST0487,46,Female,Coimbatore,10,2026-02-13,515.48,74,10,2,UPI,7,5,1
CUST0488,31,Female,Kolkata,2,2026-01-26,333.39,78,7,1,Debit Card,8,6,1
CUST0489,43,Female,Bhopal,18,2026-04-08,2139.67,64,8,4,Credit Card,2,0,0
CUST0490,42,Female,Delhi,84,2026-04-29,1695.68,12,27,5,UPI,1,0,0
CUST0491,48,Female,Hyderabad,8,2026-01-13,296.91,80,2,2,UPI,6,5,1
CUST0492,32,Male,Delhi,24,2026-04-14,1433.08,36,16,2,Credit Card,3,3,1
CUST0493,34,Male,Surat,23,2026-03-27,651.94,43,24,4,Debit Card,4,2,1
CUST0494,28,Female,Lucknow,31,2026-03-06,1820.63,61,9,4,UPI,3,0,1
CUST0495,25,Male,Kolkata,73,2026-05-04,2654.18,26,21,4,Cash on Delivery,0,0,0
CUST0496,37,Female,Indore,8,2026-01-07,701.83,84,10,2,Net Banking,4,3,1
CUST0497,43,Male,Mumbai,21,2026-03-06,2759.93,52,8,2,UPI,4,1,1
CUST0498,39,Female,Patna,70,2026-05-11,3993.55,32,19,4,UPI,1,1,0
CUST0499,51,Male,Noida,25,2026-04-07,2023.72,60,10,3,UPI,4,2,1
CUST0500,24,Female,Mysuru,27,2026-05-10,3482.89,20,60,5,Debit Card,0,0,0
